Accesorios para Vehículos,Acc. para Carros y Camionetas,Acc. para Motos y Cuatrimotos,Acc. y Repuestos Náuticos,Accesorios para Camiones,Audio para Vehículos,Cauchos,GNC,Herramientas,Limpieza de Vehículos,Navegadores GPS,Performance,Repuestos Carros y Camionetas,Repuestos de Línea Pesada,Repuestos Motos y Cuatrimotos,Rines,Seguridad Vehicular,Service Programado,Tuning,Otros










Agro,Animales,Generadores de Energía,Infraestructura Rural,Insumos Agrícolas,Insumos Agroganaderos,Máquinas y Herramientas,Repuestos de Maquinaria Pesada,Otros










Alimentos y Bebidas,Almacén,Bebidas,Comida Preparada,Comidas Calientes,Congelados,Kéfir,Otros










Animales y Mascotas,Aves,Caballos,Conejos,Gatos,Insectos,Peces,Perros,Reptiles y Anfibios,Roedores,Otros Accesorios para Animales










Antigüedades y Colecciones,Afiches de Películas y Libros,Antigüedades,Coleccionables de Deportes,Figuras y Esculturas,Filatelia,Militaría y Afines,Monedas y Billetes,Otros










"Arte, Papelería y Mercería",Arte,Espejos Venecitas,Insumos para Hacer Velas,Mercería,Moldes para Jabones,Papelería,Piezas para Llaveros,Otros










Bebés,Andaderas y Vehículos de Bebés,Artículos de Bebés para Baño,Artículos de Maternidad,Chupones y Mordedores,Comida para Bebés,Corrales,Cuarto del Bebé,Higiene y Cuidado del Bebé,Juguetes para Bebés,Lactancia y Alimentación,Paseo del Bebé,Ropa de Bebé,Salud del Bebé,Seguridad para Bebés,Otros










Cámaras y Accesorios,Accesorios para Cámaras,Álbumes y Portarretratos,Cables,Cámaras,Drones y Accesorios,Instrumentos Ópticos,Lentes y Filtros,Repuestos para Cámaras,Revelado y Laboratorio,Video Cámaras,Otros










"Carros, Motos y Otros",Carros y Camionetas,Motos,Náutica,Otros Vehículos










Celulares y Teléfonos,Accesorios para Celulares,Celulares y Smartphones,Lentes de Realidad Virtual,Radios y WalkieTalkies,Repuestos para Celulares,Smartwatches y Accesorios,Tarifadores y Cabinas,Telefonía Fija e Inalámbrica,Telefonía VoIP,Otros










Computación,Accesorios de Antiestática,Accesorios para PC Gaming,Almacenamiento,Cables y Hubs USB,Componentes de PC,Conectividad y Redes,Impresión,Laptops y Accesorios,Lectores y Scanners,Limpieza y Cuidado de PCs,Monitores y Accesorios,Palms y Pocket PC's,PC de Escritorio,Periféricos de PC,"Porta CDs, Cajas y Sobres",Protectores y UPS,Proyectores y Pantallas,Software,Tablets y Accesorios,Otros










Consolas y Videojuegos,Accesorios para Consolas,Accesorios para PC Gaming,Consolas,Pinballs y Arcade,Repuestos para Consolas,Videojuegos,Otros










Construcción,Aberturas,Accesorios de Construcción,Baños y Sanitarios,Electricidad,Máquinas,Materiales de Obra,Mobiliario para Cocinas,Pinturería,Pisos y Revestimientos,Plomería,Otros










Deportes y Fitness,Artes Marciales y Boxeo,Bádminton,Balonmano,Básquet,Buceo,"Camping, Caza y Pesca","Canoas, Kayaks e Inflables",Ciclismo,Equitación y Polo,Esgrima,Esqui y Snowboard,Fitness y Aerobics,Fútbol,Fútbol Americano,Golf,Hockey,Juegos de Salón,Kitesurf,Monopatines y Scooters,Montañismo y Trekking,Natación,Paintball,Parapente,Patín y Skateboard,Pilates y Yoga,Pulsómetros y Cronómetros,Ropa Deportiva,Rugby,Slackline,Softball y Beisbol,Suplementos y Shakers,Surf y Bodyboard,"Tenis, Pádel y Squash",Tiro Deportivo,Voley,Wakeboard y Esqui Acuático,Windsurf,Zapatos Deportivos,Otros










Electrodomésticos,Artefactos de Cuidado Personal,Climatización,Cocción,Dispensadores y Filtros,Lavado,Pequeños Electrodomésticos,Refrigeración,Otros










"Electrónica, Audio y Video",Accesorios para Audio y Video,Accesorios para TV,Audio,Cables,Componentes Electrónicos,Controles Remoto,Drones y Accesorios,Estuches y Bolsos,Media Streaming,Pilas y Cargadores,Proyectores y Pantallas,Repuestos para TV,TVs,Video,Otros










Estética y Belleza,Alcoholes en Aerosol,Alcoholes en Gel,Alcoholes Etílicos,Artículos de Peluquería,Barbería,Cuidado de la Piel,Cuidado del Cabello,Depilación,Electrodomésticos de Belleza,Higiene Personal,Manicuría y Pedicuría,Maquillaje,Perfumes y Fragancias,Salud,Tratamientos de Belleza,Otros










Herramientas,Accesorios para Herramientas,Cajas y Organizadores,Herramientas Eléctricas,Herramientas Industriales,Herramientas Manuales,Herramientas Neumáticas,Herramientas para Jardín,Testers y Equipos de Medición,Otros










Hogar y Muebles,Adornos y Decoración del Hogar,Baños,"Camas, Colchones y Accesorios",Cocina,Cuidado del Hogar y Lavandería,Iluminación para el Hogar,Jardines y Exteriores,Muebles para el Hogar,Organización para el Hogar,Seguridad para el Hogar,Textiles de Hogar y Decoración,Otros










Industrias,Arquitectura y Diseño,Embalaje y Logística,Equipamiento para Comercios,Equipamiento para Oficinas,Gastronomía y Hotelería,Gráfica e Impresión,Herramientas Industriales,Publicidad y Promoción,Seguridad Laboral,Textil y Calzado,Uniformes y Ropa de Trabajo,Otros










Inmuebles,Acción de Club,Anexos,Apartamentos,Casas,Edificios,Galpones,Habitaciones,Haciendas - Fincas,Hoteles y Resorts,Locales,Negocios,Oficinas,Parcelas de Cementerio,Terrenos,Townhouses










Instrumentos Musicales,Baterías y Percusión,Cornetas,Equipos de DJ y Accesorios,Estudio de Grabación,Instrumentos de Cuerdas,Instrumentos de Viento,Metrónomos,Micrófonos y Amplificadores,Partituras y Letras,Pedaleras y Accesorios,Teclados y Pianos,Otros










Juegos y Juguetes,Arte y Manualidades,"Barajitas, Álbumes y Cromos",Casas y Carpas para Niños,Electrónicos para Niños,Hobbies,Instrumentos Musicales,Juegos de Agua y Playa,Juegos de Construcción,Juegos de Mesa y Cartas,Juegos de Parque y Aire Libre,Juegos de Salón,Juegos Inflables,Juguetes Antiestrés e Ingenio,Juguetes de Bromas,Juguetes de Oficios,Juguetes para Bebés,Mesas y Sillas para Niños,Muñecos y Muñecas,Patines y Patinetas,Peluches,Títeres y Marionetas,Vehículos de Juguete,Vehículos Montables para Niños,Otros










"Libros, Revistas y Comics",Catálogos,Comics,Libros,Manga,Revistas,Otros










"Música, Películas y Series",Cursos,Música,Películas,Series de TV y Telenovelas,Otros










"Recuerdos, Cotillón y Fiestas",Cotillón,Decoración para Fiestas,Desechables para Fiestas,Disfraces,"Espuma, Serpentina y Confeti",Kits Imprimibles para Fiestas,Props para Photo Booths,Regalos y Recuerdos,Tarjetas y Papelería,Otros










"Relojes, Joyas y Bisutería",Exhibidores y Joyeros,Insumos para Joyería,Joyería y Bisutería,Piedras Preciosas,Piercings,Plumas y Lapiceras de Lujo,Relojes,Repuestos para Relojes,Otros










"Ropa, Zapatos y Accesorios",Abrigos,Accesorios de Moda,Blusas,Calzado,Camisas,Enteritos,Equipaje y Bolsos,Faldas,Franelas y Chemises,Indumentaria Laboral y Escolar,Kimonos,Leggings,Lotes de Ropa,Pantalones,Ropa Deportiva,Ropa Interior y de Dormir,Ropa para Bebés,Shorts y Bermudas,Trajes,Trajes de Baño,Vestidos,Otros










Servicios,Belleza e Higiene Personal,Cursos y Clases,Fiestas y Eventos,Gastronomía,Hogar,Imprenta,Mantenimiento de Vehículos,Oficios,Profesionales,Profesionales Médicos,Reparaciones e Instalaciones,Ropa y Moda,Servicios para Mascotas,Transporte,Viajes y Turismo,Otros Servicios










